Jahre;Gaspreis_S1;Gaspreis_S2;Strompreis_S1;Strompreis_S2;EEG_Umlage_S1;EEG_Umlage_S2;CO2_Preis_ETS_S1;CO2_Preis_ETS_S2;CO2_Preis_NON_ETS_S1;CO2_Preis_NON_ETS_S2
2025.0;1.87;1.34;1.87;1.34;5.11;4.83;55.0;83.0;69.0;55.0
2030.0;2.1;1.35;2.1;1.35;2.52;3.04;80.0;122.0;89.0;100.0
2035.0;2.29;1.36;2.29;1.36;0.54;1.93;105.0;161.0;110.0;150.0
2040.0;2.32;1.37;2.32;1.37;0.54;1.93;130.0;200.0;130.0;200.0
2045.0;2.375892767025303;1.3800000000000012;2.375892767025303;1.3800000000000012;0.5399999999999999;1.93;155.00000000000182;239.0;150.50000000000364;247.50000000000364
